Z,0,XXX11XXXXXXXXXXXXXXXX1XXXXXXXXXXXXXXXX
Z,0,XXX11XXXXXXXXXXXXXXXX1XXXXXXXXXXXXXXXX
Z,0,XXX11XXXXXXXXXXXXXXXX1XXXXXXXXXXXXXXXX
Z,0,XXX11XXXXXXXXXXXXXXXX1XXXXXXXXXXXXXXXX
Z,0,XXX11XXXXXXXXXXXXXXXX1XXXXXXXXXXXXXXXX
Z,0,XXX11XXXXXXXXXXXXXXXX1XXXXXXXXXXXXXXXX
Z,0,XXX11XXXXXXXXXXXXXXXX1XXXXXXXXXXXXXXXX
Z,0,XXX11XXXXXXXXXXXXXXXX1XXXXXXXXXXXXXXXX
Z,0,XXX11XXXXXXXXXXXXXXXX1XXXXXXXXXXXXXXXX
Z,0,XXX11XXXXXXXXXXXXXXXX1XXXXXXXXXXXXXXXX
Z,0,XXX11XXXXXXXXXXXXXXXX1XXXXXXXXXXXXXXXX
Z,0,XXX11XXXXXXXXXXXXXXXX1XXXXXXXXXXXXXXXX
Z,0,XXX11XXXXXXXXXXXXXXXX1XXXXXXXXXXXXXXXX
Z,0,XXX11XXXXXXXXXXXXXXXX1XXXXXXXXXXXXXXXX
Z,0,XXX11XXXXXXXXXXXXXXXX1XXXXXXXXXXXXXXXX
Z,0,XXX11XXXXXXXXXXXXXXXX1XXXXXXXXXXXXXXXX
Z,0,XXX11XXXXXXXXXXXXXXXX1XXXXXXXXXXXXXXXX
Z,0,XXX11XXXXXXXXXXXXXXXX1XXXXXXXXXXXXXXXX
Z,0,XXX11XXXXXXXXXXXXXXXX1XXXXXXXXXXXXXXXX
Z,0,XXX11XXXXXXXXXXXXXXXX1XXXXXXXXXXXXXXXX
Z,0,XXX11XXXXXXXXXXXXXXXX1XXXXXXXXXXXXXXXX
Z,0,XXX11XXXXXXXXXXXXXXXX1XXXXXXXXXXXXXXXX
Z,0,XXX11XXXXXXXXXXXXXXXX1XXXXXXXXXXXXXXXX
Z,0,XXX11XXXXXXXXXXXXXXXX1XXXXXXXXXXXXXXXX
Z,0,XXX11XXXXXXXXXXXXXXXX1XXXXXXXXXXXXXXXX
Z,0,XXX11XXXXXXXXXXXXXXXX1XXXXXXXXXXXXXXXX
Z,0,XXX11XXXXXXXXXXXXXXXX1XXXXXXXXXXXXXXXX
Z,0,XXX11XXXXXXXXXXXXXXXX1XXXXXXXXXXXXXXXX
Z,0,XXX11XXXXXXXXXXXXXXXX1XXXXXXXXXXXXXXXX
Z,0,XXX11XXXXXXXXXXXXXXXX1XXXXXXXXXXXXXXXX
Z,0,XXX11XXXXXXXXXXXXXXXX1XXXXXXXXXXXXXXXX
Z,0,XXX11XXXXXXXXXXXXXXXX1XXXXXXXXXXXXXXXX
Z,0,XXX11XXXXXXXXXXXXXXXX1XXXXXXXXXXXXXXXX
Z,0,XXX11XXXXXXXXXXXXXXXX1XXXXXXXXXXXXXXXX
Z,0,XXX11XXXXXXXXXXXXXXXX1XXXXXXXXXXXXXXXX
Z,0,XXX11XXXXXXXXXXXXXXXX1XXXXXXXXXXXXXXXX
Z,0,XXX11XXXXXXXXXXXXXXXX1XXXXXXXXXXXXXXXX
Z,0,XXX11XXXXXXXXXXXXXXXX1XXXXXXXXXXXXXXXX
Z,0,XXX11XXXXXXXXXXXXXXXX1XXXXXXXXXXXXXXXX
Z,0,XXX11XXXXXXXXXXXXXXXX1XXXXXXXXXXXXXXXX
Z,0,XXX11XXXXXXXXXXXXXXXX1XXXXXXXXXXXXXXXX
Z,0,XXX11XXXXXXXXXXXXXXXX1XXXXXXXXXXXXXXXX
Z,0,XXX11XXXXXXXXXXXXXXXX1XXXXXXXXXXXXXXXX
Z,0,XXX11XXXXXXXXXXXXXXXX1XXXXXXXXXXXXXXXX
