DFF_12_N3,RST,P_0,DFF_15_Q_reg,DFF_5_Q_reg,DFF_7_Q_reg,DFF_1_Q_reg,DFF_13_Q_reg,DFF_9_Q_reg,DFF_11_Q_reg,DFF_12_Q_reg,DFF_2_Q_reg,DFF_8_Q_reg,DFF_0_Q_reg,DFF_6_Q_reg,DFF_3_Q_reg,DFF_4_Q_reg,DFF_14_Q_reg,DFF_10_Q_reg,
DFF_8_N3,RST,P_0,DFF_5_Q_reg,DFF_7_Q_reg,DFF_1_Q_reg,DFF_9_Q_reg,DFF_11_Q_reg,DFF_2_Q_reg,DFF_8_Q_reg,DFF_0_Q_reg,DFF_6_Q_reg,DFF_3_Q_reg,DFF_4_Q_reg,DFF_10_Q_reg,
DFF_4_N3,RST,P_0,DFF_5_Q_reg,DFF_7_Q_reg,DFF_1_Q_reg,DFF_2_Q_reg,DFF_0_Q_reg,DFF_6_Q_reg,DFF_3_Q_reg,DFF_4_Q_reg,
DFF_14_N3,RST,P_0,DFF_15_Q_reg,DFF_5_Q_reg,DFF_7_Q_reg,DFF_1_Q_reg,DFF_9_Q_reg,DFF_11_Q_reg,DFF_2_Q_reg,DFF_8_Q_reg,DFF_0_Q_reg,DFF_6_Q_reg,DFF_3_Q_reg,DFF_4_Q_reg,DFF_14_Q_reg,DFF_10_Q_reg,
n154,P_0,DFF_1_Q_reg,DFF_2_Q_reg,DFF_0_Q_reg,DFF_3_Q_reg,
n156,P_0,DFF_7_Q_reg,DFF_1_Q_reg,DFF_2_Q_reg,DFF_0_Q_reg,DFF_3_Q_reg,
n158,P_0,DFF_7_Q_reg,DFF_1_Q_reg,DFF_2_Q_reg,DFF_0_Q_reg,DFF_6_Q_reg,DFF_3_Q_reg,
n160,P_0,DFF_5_Q_reg,DFF_7_Q_reg,DFF_1_Q_reg,DFF_2_Q_reg,DFF_0_Q_reg,DFF_6_Q_reg,DFF_3_Q_reg,
n148,P_0,DFF_5_Q_reg,DFF_7_Q_reg,DFF_1_Q_reg,DFF_11_Q_reg,DFF_2_Q_reg,DFF_0_Q_reg,DFF_6_Q_reg,DFF_3_Q_reg,DFF_4_Q_reg,
n150,P_0,DFF_5_Q_reg,DFF_7_Q_reg,DFF_1_Q_reg,DFF_11_Q_reg,DFF_2_Q_reg,DFF_0_Q_reg,DFF_6_Q_reg,DFF_3_Q_reg,DFF_4_Q_reg,DFF_10_Q_reg,
n152,P_0,DFF_5_Q_reg,DFF_7_Q_reg,DFF_1_Q_reg,DFF_9_Q_reg,DFF_11_Q_reg,DFF_2_Q_reg,DFF_0_Q_reg,DFF_6_Q_reg,DFF_3_Q_reg,DFF_4_Q_reg,DFF_10_Q_reg,
n141,P_0,DFF_15_Q_reg,DFF_5_Q_reg,DFF_7_Q_reg,DFF_1_Q_reg,DFF_9_Q_reg,DFF_11_Q_reg,DFF_2_Q_reg,DFF_8_Q_reg,DFF_0_Q_reg,DFF_6_Q_reg,DFF_3_Q_reg,DFF_4_Q_reg,DFF_10_Q_reg,
n140,P_0,DFF_15_Q_reg,DFF_5_Q_reg,DFF_7_Q_reg,DFF_1_Q_reg,DFF_9_Q_reg,DFF_11_Q_reg,DFF_2_Q_reg,DFF_8_Q_reg,DFF_0_Q_reg,DFF_6_Q_reg,DFF_3_Q_reg,DFF_4_Q_reg,DFF_14_Q_reg,DFF_10_Q_reg,
n143,P_0,DFF_15_Q_reg,DFF_5_Q_reg,DFF_7_Q_reg,DFF_1_Q_reg,DFF_9_Q_reg,DFF_11_Q_reg,DFF_2_Q_reg,DFF_8_Q_reg,DFF_0_Q_reg,DFF_6_Q_reg,DFF_3_Q_reg,DFF_4_Q_reg,DFF_14_Q_reg,DFF_10_Q_reg,
n144,P_0,DFF_15_Q_reg,DFF_5_Q_reg,DFF_7_Q_reg,DFF_1_Q_reg,DFF_13_Q_reg,DFF_9_Q_reg,DFF_11_Q_reg,DFF_2_Q_reg,DFF_8_Q_reg,DFF_0_Q_reg,DFF_6_Q_reg,DFF_3_Q_reg,DFF_4_Q_reg,DFF_14_Q_reg,DFF_10_Q_reg,
n145,P_0,DFF_15_Q_reg,DFF_5_Q_reg,DFF_7_Q_reg,DFF_1_Q_reg,DFF_13_Q_reg,DFF_9_Q_reg,DFF_11_Q_reg,DFF_12_Q_reg,DFF_2_Q_reg,DFF_8_Q_reg,DFF_0_Q_reg,DFF_6_Q_reg,DFF_3_Q_reg,DFF_4_Q_reg,DFF_14_Q_reg,DFF_10_Q_reg,
n149,P_0,DFF_5_Q_reg,DFF_7_Q_reg,DFF_1_Q_reg,DFF_11_Q_reg,DFF_2_Q_reg,DFF_0_Q_reg,DFF_6_Q_reg,DFF_3_Q_reg,DFF_4_Q_reg,DFF_10_Q_reg,
n153,P_0,DFF_5_Q_reg,DFF_7_Q_reg,DFF_1_Q_reg,DFF_9_Q_reg,DFF_11_Q_reg,DFF_2_Q_reg,DFF_8_Q_reg,DFF_0_Q_reg,DFF_6_Q_reg,DFF_3_Q_reg,DFF_4_Q_reg,DFF_10_Q_reg,
n161,P_0,DFF_5_Q_reg,DFF_7_Q_reg,DFF_1_Q_reg,DFF_2_Q_reg,DFF_0_Q_reg,DFF_6_Q_reg,DFF_3_Q_reg,DFF_4_Q_reg,
